{
  "Ajaccio GFCO": "GFC Ajaccio",
  "Alaves": "Deportivo Alavés",
  "Almeria": "UD Almería",
  "Angers": "Angers SCO",
  "Arsenal": "Arsenal FC",
  "Aston Villa": "Aston Villa FC",
  "Atalanta": "Atalanta BC",
  "Ath Bilbao": "Athletic Club",
  "Ath Madrid": "Club Atlético de Madrid",
  "Augsburg": "FC Augsburg",
  "Auxerre": "AJ Auxerre",
  "Barcelona": "FC Barcelona",
  "Bastia": "SC Bastia",
  "Bayern Munich": "FC Bayern München",
  "Betis": "Real Betis Balompié",
  "Bochum": "VfL Bochum 1848",
  "Bologna": "Bologna FC 1909",
  "Bordeaux": "FC Girondins de Bordeaux",
  "Bournemouth": "AFC Bournemouth",
  "Brentford": "Brentford FC",
  "Brest": "Stade Brestois 29",
  "Brighton": "Brighton & Hove Albion FC",
  "Burnley": "Burnley FC",
  "Cadiz": "Cádiz CF",
  "Caen": "SM Caen",
  "Cagliari": "Cagliari Calcio",
  "Carpi": "Carpi FC 1909",
  "Celta": "RC Celta de Vigo",
  "Chelsea": "Chelsea FC",
  "Chievo": "AC Chievo Verona",
  "Clermont": "Clermont Foot 63",
  "Como": "Como 1907",
  "Crystal Palace": "Crystal Palace FC",
  "Darmstadt": "SV Darmstadt 98",
  "Dortmund": "Borussia Dortmund",
  "Eibar": "SD Eibar",
  "Ein Frankfurt": "Eintracht Frankfurt",
  "Empoli": "Empoli FC",
  "Espanol": "RCD Espanyol de Barcelona",
  "Everton": "Everton FC",
  "FC Koln": "1. FC Köln",
  "Fiorentina": "ACF Fiorentina",
  "Freiburg": "SC Freiburg",
  "Frosinone": "Frosinone Calcio",
  "Fulham": "Fulham FC",
  "Genoa": "Genoa CFC",
  "Getafe": "Getafe CF",
  "Girona": "Girona FC",
  "Granada": "Granada CF",
  "Guingamp": "EA Guingamp",
  "Hamburg": "Hamburger SV",
  "Hannover": "Hannover 96",
  "Heidenheim": "1. FC Heidenheim 1846",
  "Hertha": "Hertha BSC",
  "Hoffenheim": "TSG 1899 Hoffenheim",
  "Ingolstadt": "FC Ingolstadt 04",
  "Inter": "FC Internazionale Milano",
  "Ipswich": "Ipswich Town FC",
  "Juventus": "Juventus FC",
  "La Coruna": "RC Deportivo de La Coruña",
  "Las Palmas": "UD Las Palmas",
  "Lazio": "SS Lazio",
  "Le Havre": "Le Havre AC",
  "Lecce": "US Lecce",
  "Leganes": "CD Leganés",
  "Leicester": "Leicester City FC",
  "Lens": "Racing Club de Lens",
  "Levante": "Levante UD",
  "Leverkusen": "Bayer 04 Leverkusen",
  "Lille": "Lille OSC",
  "Liverpool": "Liverpool FC",
  "Lorient": "FC Lorient",
  "Luton": "Luton Town FC",
  "Lyon": "Olympique Lyonnais",
  "M'gladbach": "Borussia Mönchengladbach",
  "Mainz": "1. FSV Mainz 05",
  "Malaga": "Málaga CF",
  "Mallorca": "RCD Mallorca",
  "Man City": "Manchester City FC",
  "Man United": "Manchester United FC",
  "Marseille": "Olympique de Marseille",
  "Metz": "FC Metz",
  "Milan": "AC Milan",
  "Monaco": "AS Monaco FC",
  "Montpellier": "Montpellier HSC",
  "Monza": "AC Monza",
  "Nantes": "FC Nantes",
  "Napoli": "SSC Napoli",
  "Newcastle": "Newcastle United FC",
  "Nice": "OGC Nice",
  "Norwich": "Norwich City FC",
  "Nott'm Forest": "Nottingham Forest FC",
  "Osasuna": "CA Osasuna",
  "Palermo": "US Città di Palermo",
  "Paris SG": "Paris Saint-Germain FC",
  "Parma": "Parma Calcio 1913",
  "Real Madrid": "Real Madrid CF",
  "Reims": "Stade de Reims",
  "Rennes": "Stade Rennais FC 1901",
  "Roma": "AS Roma",
  "Salernitana": "US Salernitana 1919",
  "Sampdoria": "UC Sampdoria",
  "Sassuolo": "US Sassuolo Calcio",
  "Schalke 04": "FC Schalke 04",
  "Sevilla": "Sevilla FC",
  "Sheffield United": "Sheffield United FC",
  "Sociedad": "Real Sociedad de Fútbol",
  "Southampton": "Southampton FC",
  "Sp Gijon": "Real Sporting de Gijón",
  "St Etienne": "AS Saint-Étienne",
  "St Pauli": "FC St. Pauli 1910",
  "Stoke": "Stoke City FC",
  "Strasbourg": "RC Strasbourg Alsace",
  "Stuttgart": "VfB Stuttgart",
  "Sunderland": "Sunderland AFC",
  "Swansea": "Swansea City AFC",
  "Torino": "Torino FC",
  "Tottenham": "Tottenham Hotspur FC",
  "Toulouse": "Toulouse FC",
  "Troyes": "ES Troyes AC",
  "Udinese": "Udinese Calcio",
  "Union Berlin": "1. FC Union Berlin",
  "Valencia": "Valencia CF",
  "Valladolid": "Real Valladolid CF",
  "Vallecano": "Rayo Vallecano de Madrid",
  "Venezia": "Venezia FC",
  "Verona": "Hellas Verona FC",
  "Villarreal": "Villarreal CF",
  "Watford": "Watford FC",
  "Werder Bremen": "SV Werder Bremen",
  "West Brom": "West Bromwich Albion FC",
  "West Ham": "West Ham United FC",
  "Wolfsburg": "VfL Wolfsburg",
  "Wolves": "Wolverhampton Wanderers FC"
}
